{
  "general_info": "Дворец школьников занимает авангардную позицию в развитии новых, наиболее востребованных направлений ІТ-технологий. Приоритетным направлением является развитие проектно-исследовательской деятельности и научно-технического творчества, соответствующее наиболее перспективным направлениям развития современной науки и техники. На базе Дворца школьников будет функционировать IT-центр, который станет местом интеллектуального развития и досуга детей и молодежи.\nНаучно-биологическое\nIT - Информационные технологии\nХудожественно-эстетическое\nХудожественная школа\nБизнес школа\nЖурналистика и медиатехнологии\nДебатный клуб и КВН\nМы, учителя, рассматриваем дополнительное образование как неотъемлемую часть общего образования. Ведь дополнительное образование очень важно для ученика при выборе профессии в будущем.\nМы были рады, что смогли создать современный Дворец школьников для дополнительного образования в северном регионе. Наша цель — развивать естественные и технические науки.\nДетские приоритеты совсем другие. Они выбирают интерактивные методы обучения.\nПриемная: 8 7152 34-02-40\nРесепшн: 8 7152 50-17-03",
  "schedules": "\nГрафик работы Дворца школьников:\nПонедельник - Пятница: 09:00 - 20:00\nСуббота: 10:00 - 18:00\nВоскресенье: Выходной\n\nЗанятия кружков проводятся во второй половине дня с 14:00 до 19:00.\n",
  "clubs": "\nНаправления и кружки:\n1. IT и программирование: Python, веб-разработка, создание игр\n2. Робототехника: LEGO Mindstorms, Arduino\n3. Дизайн: графический дизайн, 3D-моделирование\n4. Творчество: рисование, музыка, танцы\n5. Наука: физика, химия, биология\n6. Спорт: футбол, баскетбол, шахматы\n",
  "directions": "\nОсновные направления Дворца школьников:\n- Научно-биологическое\n- IT - Информационные технологии\n- Художественно-эстетическое\n- Художественная школа\n- Бизнес школа\n- Журналистика и медиатехнологии\n- Дебатный клуб и КВН\n",
  "navigation": "\nНавигация по зданию:\n- 1 этаж: Администрация, информационный центр, гардероб\n- 2 этаж: Компьютерные классы, робототехника, IT-лаборатории\n- 3 этаж: Творческие мастерские, музыкальные классы\n- 4 этаж: Спортивный зал, танцевальные студии\n",
  "contacts": "\nКонтактная информация:\nПриемная: 8 (7152) 34-02-40\nРесепшн: 8 (7152) 50-17-03\nАдрес: г. Петропавловск, Дворец школьников Digital Urpaq\nРежим работы: Пн-Пт 09:00-20:00, Сб 10:00-18:00\n"
}